<?xml version="1.0" encoding="UTF-8"?>
<!DOCTYPE suite SYSTEM "https://testng.org/testng-1.0.dtd">
<suite name="Suite">
  <test thread-count="5" name="Test">
    <classes>
      <class name="testCases_SpiceJet.Testcase_7"/>
      <class name="testCases_SpiceJet.TestCase_8"/>
      <class name="testCases_SpiceJet.TestCase_6"/>
      <class name="testCases_SpiceJet.TestCase_5"/>
      <class name="testCases_SpiceJet.TestCase_4"/>
      <class name="testCases_SpiceJet.TestCase_3"/>
      <class name="testCases_SpiceJet.TestCase_2"/>
      <class name="testCases_SpiceJet.TestCase_1"/>
    </classes>
  </test> <!-- Test -->
</suite> <!-- Suite -->
